{
  "log10_Omega_peak": {
    "p16": -6.299165497773323,
    "median": -5.826674356392678,
    "p84": -5.4293782082129,
    "minus": 0.47249114138064563,
    "plus": 0.39729614817977765
  },
  "log10_f_peak": {
    "p16": -7.366143981810865,
    "median": -7.202743178362809,
    "p84": -7.06638239112176,
    "minus": 0.16340080344805585,
    "plus": 0.13636078724104905
  },
  "b_high": {
    "p16": 2.3013903611341724,
    "median": 2.9717098937386166,
    "p84": 3.6511029939504382,
    "minus": 0.6703195326044442,
    "plus": 0.6793931002118216
  }
}