{
  "log10_Omega_peak": {
    "p16": -6.30833295880399,
    "median": -5.852453169327277,
    "p84": -5.436116949216588,
    "minus": 0.4558797894767128,
    "plus": 0.41633622011068905
  },
  "log10_f_peak": {
    "p16": -7.372735197859432,
    "median": -7.20985179558323,
    "p84": -7.0715184596238165,
    "minus": 0.16288340227620246,
    "plus": 0.13833333595941344
  },
  "b_high": {
    "p16": 2.3051224875220186,
    "median": 2.9826160750162805,
    "p84": 3.6933864373342145,
    "minus": 0.6774935874942618,
    "plus": 0.710770362317934
  }
}