{
  "logz": -52.07797946644188,
  "logzerr": 0.022540753012068187,
  "n_prior_samples": 160000,
  "likelihood": "sum of per-frequency public HD free-spectrum KDE log densities"
}