{
  "logz": -50.916779865207985,
  "logzerr": 0.018945877915633624,
  "n_prior_samples": 160000,
  "likelihood": "sum of per-frequency public HD free-spectrum KDE log densities"
}