{
  "log10_A": {
    "p16": -14.466976002764127,
    "median": -14.310379199610338,
    "p84": -14.22285441885608,
    "minus": 0.1565968031537892,
    "plus": 0.08752478075425785
  },
  "log10_fb": {
    "p16": -8.385240757744834,
    "median": -8.168685338984604,
    "p84": -8.047850954058198,
    "minus": 0.21655541876022966,
    "plus": 0.12083438492640575
  },
  "Delta_gamma": {
    "p16": 1.7555218346214598,
    "median": 2.403141448834694,
    "p84": 3.170307939306651,
    "minus": 0.6476196142132342,
    "plus": 0.7671664904719568
  }
}