{
  "log10_A": {
    "p16": -14.469857075522743,
    "median": -14.303504951880521,
    "p84": -14.219893068340768,
    "minus": 0.16635212364222163,
    "plus": 0.0836118835397528
  },
  "log10_fb": {
    "p16": -8.381976680099484,
    "median": -8.158908237964734,
    "p84": -8.049768146417103,
    "minus": 0.22306844213474974,
    "plus": 0.10914009154763171
  },
  "Delta_gamma": {
    "p16": 1.7651022507321503,
    "median": 2.4291868171707547,
    "p84": 3.146507184708816,
    "minus": 0.6640845664386044,
    "plus": 0.7173203675380613
  }
}