{
  "logz": -53.379529663999456,
  "logzerr": 0.022064448519495856,
  "n_prior_samples": 80000,
  "likelihood": "sum of per-frequency public HD free-spectrum KDE log densities"
}