{
  "log10_A": {
    "p16": -14.427514696318646,
    "median": -14.338727472677672,
    "p84": -14.260736423082559,
    "minus": 0.08878722364097413,
    "plus": 0.07799104959511283
  },
  "beta_hc": {
    "p16": -0.4316516946209431,
    "median": -0.3464352417905072,
    "p84": -0.31070121662915123,
    "minus": 0.08521645283043588,
    "plus": 0.03573402516135599
  }
}