{
  "log10_A": {
    "p16": -14.426775686986613,
    "median": -14.338727472677672,
    "p84": -14.260736423082559,
    "minus": 0.08804821430894094,
    "plus": 0.07799104959511283
  },
  "beta_hc": {
    "p16": -0.43311656990291,
    "median": -0.34657268095475785,
    "p84": -0.31070121662915123,
    "minus": 0.08654388894815213,
    "plus": 0.03587146432560662
  }
}