{
  "log10_Omega_peak": {
    "p16": -6.226781080334248,
    "median": -5.714070074731487,
    "p84": -5.241882440783346,
    "minus": 0.5127110056027604,
    "plus": 0.472187633948141
  },
  "log10_f_peak": {
    "p16": -7.34707641693107,
    "median": -7.165665809533896,
    "p84": -7.001783432461362,
    "minus": 0.18141060739717396,
    "plus": 0.16388237707253328
  },
  "b_high": {
    "p16": 2.2664958311238834,
    "median": 2.95709551423218,
    "p84": 3.672013896646094,
    "minus": 0.6905996831082968,
    "plus": 0.7149183824139138
  }
}