{
  "log10_Omega_peak": {
    "p16": -6.222552475494031,
    "median": -5.709380866889747,
    "p84": -5.241882440783346,
    "minus": 0.5131716086042841,
    "plus": 0.4674984261064008
  },
  "log10_f_peak": {
    "p16": -7.34694902651796,
    "median": -7.165665809533896,
    "p84": -7.001783432461362,
    "minus": 0.18128321698406413,
    "plus": 0.16388237707253328
  },
  "b_high": {
    "p16": 2.2664958311238834,
    "median": 2.957376991862266,
    "p84": 3.6727039509569814,
    "minus": 0.6908811607383827,
    "plus": 0.7153269590947153
  }
}