{
  "logz": -51.220319579142945,
  "logzerr": 0.040838094134436294,
  "n_prior_samples": 80000,
  "likelihood": "sum of per-frequency public HD free-spectrum KDE log densities"
}