{
  "logz": -52.41520699098278,
  "logzerr": 0.04083419286643656,
  "n_prior_samples": 80000,
  "likelihood": "sum of per-frequency public HD free-spectrum KDE log densities"
}