{
  "log10_A": {
    "p16": -14.47388041769954,
    "median": -14.30269819025295,
    "p84": -14.224296680760858,
    "minus": 0.1711822274465895,
    "plus": 0.07840150949209246
  },
  "log10_fb": {
    "p16": -8.405632057481176,
    "median": -8.162516324699837,
    "p84": -8.040128952617064,
    "minus": 0.24311573278133913,
    "plus": 0.12238737208277328
  },
  "Delta_gamma": {
    "p16": 1.7753338644668295,
    "median": 2.425745472153906,
    "p84": 3.210776145629405,
    "minus": 0.6504116076870763,
    "plus": 0.7850306734754993
  }
}