{
  "log10_A": {
    "p16": -14.473566529370085,
    "median": -14.302330839243622,
    "p84": -14.224296680760858,
    "minus": 0.17123569012646378,
    "plus": 0.07803415848276352
  },
  "log10_fb": {
    "p16": -8.4050479453816,
    "median": -8.162516324699837,
    "p84": -8.039928302383835,
    "minus": 0.24253162068176337,
    "plus": 0.12258802231600185
  },
  "Delta_gamma": {
    "p16": 1.7753338644668295,
    "median": 2.425745472153906,
    "p84": 3.207423847518712,
    "minus": 0.6504116076870763,
    "plus": 0.7816783753648062
  }
}