{
  "smbhb_pl": {
    "delta_logz_vs_smbhb_pl": 0.0,
    "error": 0.011369844626375353,
    "bayes_factor_vs_smbhb_pl": 1.0
  },
  "smbhb_env": {
    "delta_logz_vs_smbhb_pl": 3.9043825691524034,
    "error": 0.0239316156948297,
    "bayes_factor_vs_smbhb_pl": 49.619433883129155
  },
  "cosmic_strings": {
    "delta_logz_vs_smbhb_pl": 0.4438802909158852,
    "error": 0.019474313229905407,
    "bayes_factor_vs_smbhb_pl": 1.5587438786507806
  },
  "phase_transition": {
    "delta_logz_vs_smbhb_pl": 4.900234519551887,
    "error": 0.03191228779438726,
    "bayes_factor_vs_smbhb_pl": 134.32127695710892
  },
  "curved_family_equal_weight": {
    "delta_logz_vs_smbhb_pl": 4.124439653854246,
    "bayes_factor_vs_smbhb_pl": 61.83315157296302,
    "members": [
      "smbhb_env",
      "cosmic_strings",
      "phase_transition"
    ]
  },
  "env_plus_phase_transition_equal_weight": {
    "delta_logz_vs_smbhb_pl": 4.52146630142947,
    "bayes_factor_vs_smbhb_pl": 91.97035542011879,
    "members": [
      "smbhb_env",
      "phase_transition"
    ]
  }
}