{
  "smbhb_env_log10_fb_-10.0_-8.0": {
    "delta_logz_vs_smbhb_pl": 3.5671550446115035,
    "baseline_delta_logz": 3.9043825691524034,
    "override": {
      "log10_fb": [
        -10.0,
        -8.0
      ]
    }
  },
  "smbhb_env_log10_fb_-9.0_-8.3": {
    "delta_logz_vs_smbhb_pl": 3.195933751602368,
    "baseline_delta_logz": 3.9043825691524034,
    "override": {
      "log10_fb": [
        -9.0,
        -8.3
      ]
    }
  },
  "cosmic_strings_beta_-1.2_-0.3": {
    "delta_logz_vs_smbhb_pl": 2.602832371594829,
    "baseline_delta_logz": 0.4438802909158852,
    "override": {
      "beta": [
        -1.2,
        -0.3
      ]
    }
  },
  "phase_transition_log10_f_peak_-10.0_-6.0": {
    "delta_logz_vs_smbhb_pl": 4.448061800300003,
    "baseline_delta_logz": 4.900234519551887,
    "override": {
      "log10_f_peak": [
        -10.0,
        -6.0
      ]
    }
  }
}