{
  "logz": -49.06155600918964,
  "logzerr": 0.03689274236230953,
  "n_prior_samples": 160000,
  "likelihood": "sum of per-frequency public HD free-spectrum KDE log densities"
}