{
  "log10_A": {
    "p16": -14.140530537659842,
    "median": -14.056115213524878,
    "p84": -14.015982309687566,
    "minus": 0.08441532413496411,
    "plus": 0.040132903837312384
  },
  "gamma": {
    "p16": 2.7385652561547316,
    "median": 2.931729505848627,
    "p84": 3.1727666603928464,
    "minus": 0.19316424969389523,
    "plus": 0.2410371545442196
  }
}