{
  "log10_A": {
    "p16": -14.658954500810081,
    "median": -14.590180733890115,
    "p84": -14.542040498516958,
    "minus": 0.06877376691996595,
    "plus": 0.04814023537315748
  }
}