{
  "log10_A": {
    "p16": -14.658836338730067,
    "median": -14.590645676021001,
    "p84": -14.542507542436388,
    "minus": 0.06819066270906582,
    "plus": 0.048138133584613385
  }
}