{
  "logz": -51.59151763447868,
  "logzerr": 0.01847808186436758,
  "n_prior_samples": 80000,
  "likelihood": "sum of per-frequency public HD free-spectrum KDE log densities"
}