{
  "log10_A": {
    "p16": -14.550740632089258,
    "median": -14.479704945645405,
    "p84": -14.374718748051073,
    "minus": 0.07103568644385305,
    "plus": 0.10498619759433225
  },
  "log10_fb": {
    "p16": -8.573376377784074,
    "median": -8.417956217281322,
    "p84": -8.32936803901019,
    "minus": 0.15542016050275187,
    "plus": 0.08858817827113263
  },
  "Delta_gamma": {
    "p16": 1.7179034021857773,
    "median": 2.772101691183115,
    "p84": 3.526634052222222,
    "minus": 1.0541982889973376,
    "plus": 0.7545323610391073
  }
}