{
  "log10_A": {
    "p16": -14.55025311321853,
    "median": -14.479696915031424,
    "p84": -14.37449825621111,
    "minus": 0.07055619818710568,
    "plus": 0.10519865882031354
  },
  "log10_fb": {
    "p16": -8.57413504363753,
    "median": -8.4183733186232,
    "p84": -8.32936803901019,
    "minus": 0.1557617250143295,
    "plus": 0.0890052796130103
  },
  "Delta_gamma": {
    "p16": 1.7234854980372254,
    "median": 2.77409881739535,
    "p84": 3.526634052222222,
    "minus": 1.0506133193581246,
    "plus": 0.7525352348268721
  }
}