{
  "log10A": {
    "median": -14.15663357455617,
    "minus": 0.11417685144270528,
    "plus": 0.0977784513934079
  },
  "log10fb": {
    "median": -8.20442284828588,
    "minus": 0.14285868591565354,
    "plus": 0.11010757206055999
  },
  "DeltaGamma": {
    "median": 2.8827404522857787,
    "minus": 0.8764693422470775,
    "plus": 0.7439959410708741
  }
}