{
  "median": 119902.83923304184,
  "minus": 94901.53079175703,
  "plus": 334118.6201527243,
  "log10_median": 5.0788294653724035,
  "log10_minus": 0.6808667276030409,
  "log10_plus": 0.5782469147049341
}