{
  "log10_A": {
    "p16": -14.594582913886802,
    "median": -14.521757016304994,
    "p84": -14.458311170267036,
    "minus": 0.07282589758180791,
    "plus": 0.06344584603795766
  },
  "beta_hc": {
    "p16": -0.6274230016581834,
    "median": -0.5515692015374882,
    "p84": -0.5141843567380335,
    "minus": 0.0758538001206952,
    "plus": 0.0373848447994547
  }
}