{
  "log10_A": {
    "p16": -14.599726707652835,
    "median": -14.52250272651321,
    "p84": -14.457103522335737,
    "minus": 0.0772239811396247,
    "plus": 0.06539920417747247
  },
  "beta_hc": {
    "p16": -0.6336844579902098,
    "median": -0.5527014219903874,
    "p84": -0.5137526538410953,
    "minus": 0.08098303599982237,
    "plus": 0.03894876814929216
  }
}